patient_id,rx_id,medication,dose,route,frequency,start_date,instructions,prescriber,npi
1,RX001-01,Lisinopril,10 mg,PO,daily,2025-08-23,Take in the morning; check BP 3x/week,Dr. A. I. Physician,0000000000
1,RX001-02,Metformin,500 mg,PO,BID with meals,2025-08-23,Stop if GI intolerance persists,Dr. A. I. Physician,0000000000
2,RX002-01,Simvastatin,20 mg,PO,HS,2025-08-23,Lipid panel in 4â€“6 weeks,Dr. A. I. Physician,0000000000
2,RX002-02,Metoprolol,50 mg,PO,BID,2025-08-23,Hold if HR < 55 bpm,Dr. A. I. Physician,0000000000
2,RX002-03,Insulin glargine,10 units,SC,HS,2025-08-23,Titrate per fasting glucose,Dr. A. I. Physician,0000000000
4,RX004-01,Atorvastatin,20 mg,PO,daily,2025-08-23,,Dr. A. I. Physician,0000000000
4,RX004-02,Glipizide,5 mg,PO,daily before breakfast,2025-08-23,Monitor for hypoglycemia,Dr. A. I. Physician,0000000000
5,RX005-01,Aspirin,81 mg,PO,daily,2025-08-23,Enteric-coated,Dr. A. I. Physician,0000000000
5,RX005-02,Atenolol,50 mg,PO,daily,2025-08-23,,Dr. A. I. Physician,0000000000
5,RX005-03,Atorvastatin,40 mg,PO,HS,2025-08-23,,Dr. A. I. Physician,0000000000
7,RX007-01,Metformin,500 mg,PO,BID with meals,2025-08-23,,Dr. A. I. Physician,0000000000
7,RX007-02,Lisinopril,10 mg,PO,daily,2025-08-23,,Dr. A. I. Physician,0000000000
8,RX008-01,Rosuvastatin,10 mg,PO,HS,2025-08-23,,Dr. A. I. Physician,0000000000
8,RX008-02,Amlodipine,5 mg,PO,daily,2025-08-23,,Dr. A. I. Physician,0000000000
10,RX010-01,Glimepiride,2 mg,PO,daily before breakfast,2025-08-23,,Dr. A. I. Physician,0000000000
10,RX010-02,Lisinopril,10 mg,PO,daily,2025-08-23,,Dr. A. I. Physician,0000000000
